1,2,3,4,5,6,7,8,9,10,11,12,13,14,15,16,17,18,19,20,21,22,23,24,25,26,27,28,29,30,31,32,33,34,35,36,37,38,39,40
-0.0,0.385,0.674,0.891,1.056,1.181,1.272,1.337,1.379,1.404,1.413,1.41,1.395,1.371,1.338,1.297,1.248,1.193,1.132,1.066,0.994,0.917,0.837,0.752,0.664,0.573,0.478,0.381,0.28,0.176,0.07,-0.04,-0.152,-0.266,-0.383,-0.502,-0.624,-0.747,-0.873,-1.0
1.0,1.28,1.485,1.634,1.74,1.813,1.853,1.872,1.875,1.864,1.844,1.815,1.78,1.739,1.695,1.646,1.592,1.533,1.465,1.384,1.292,1.19,1.082,0.971,0.856,0.74,0.621,0.501,0.38,0.258,0.135,0.012,-0.113,-0.238,-0.364,-0.49,-0.617,-0.744,-0.872,-1.0
1.0,1.282,1.49,1.641,1.745,1.814,1.862,1.89,1.902,1.901,1.89,1.87,1.844,1.811,1.773,1.731,1.684,1.635,1.582,1.526,1.456,1.39,1.326,1.262,1.196,1.129,1.06,0.989,0.915,0.84,0.763,0.684,0.603,0.521,0.437,0.352,0.265,0.178,0.089,0.0
1.0,1.294,1.515,1.686,1.827,1.946,2.046,2.128,2.186,2.21,2.199,2.159,2.1,2.03,1.951,1.866,1.779,1.69,1.605,1.527,1.468,1.407,1.344,1.279,1.211,1.142,1.07,0.997,0.922,0.845,0.766,0.686,0.604,0.521,0.437,0.352,0.265,0.178,0.089,0.0
1.0,1.298,1.529,1.715,1.867,1.995,2.103,2.191,2.259,2.299,2.288,2.241,2.19,2.135,2.077,2.015,1.951,1.885,1.818,1.748,1.677,1.604,1.53,1.454,1.376,1.296,1.215,1.132,1.047,0.96,0.871,0.78,0.688,0.594,0.498,0.401,0.303,0.203,0.102,0.0
1.0,1.451,1.801,2.053,2.226,2.341,2.408,2.402,2.371,2.332,2.31,2.295,2.264,2.222,2.172,2.115,2.053,1.987,1.917,1.844,1.768,1.69,1.609,1.525,1.44,1.353,1.264,1.174,1.082,0.988,0.894,0.798,0.701,0.603,0.505,0.405,0.305,0.204,0.102,0.0
1.0,1.452,1.809,2.07,2.243,2.349,2.414,2.438,2.454,2.468,2.479,2.476,2.455,2.415,2.363,2.302,2.235,2.162,2.086,2.006,1.923,1.837,1.749,1.658,1.564,1.468,1.369,1.268,1.165,1.06,0.953,0.845,0.737,0.63,0.523,0.417,0.311,0.207,0.103,0.0
1.0,1.46,1.82,2.099,2.313,2.425,2.422,2.459,2.489,2.517,2.548,2.577,2.59,2.541,2.48,2.417,2.338,2.254,2.168,2.079,1.989,1.896,1.802,1.707,1.61,1.512,1.412,1.311,1.208,1.104,0.999,0.893,0.785,0.676,0.566,0.455,0.342,0.229,0.115,0.0
1.0,1.461,1.824,2.104,2.319,2.473,2.574,2.634,2.668,2.688,2.692,2.653,2.6,2.567,2.496,2.419,2.352,2.286,2.219,2.149,2.076,1.994,1.896,1.788,1.675,1.562,1.449,1.337,1.226,1.116,1.006,0.897,0.787,0.677,0.566,0.455,0.342,0.229,0.115,0.0
2.0,2.177,2.297,2.372,2.414,2.482,2.599,2.671,2.712,2.731,2.723,2.69,2.636,2.587,2.561,2.525,2.48,2.429,2.374,2.268,2.16,2.061,1.977,1.905,1.837,1.772,1.709,1.647,1.587,1.529,1.472,1.416,1.361,1.307,1.254,1.202,1.151,1.1,1.05,1.0
2.0,2.186,2.33,2.446,2.539,2.621,2.683,2.726,2.747,2.741,2.724,2.743,2.781,2.823,2.792,2.697,2.594,2.487,2.378,2.316,2.255,2.192,2.127,2.062,1.995,1.928,1.861,1.793,1.726,1.658,1.591,1.524,1.457,1.391,1.325,1.259,1.194,1.129,1.064,1.0
2.0,2.193,2.338,2.449,2.543,2.622,2.691,2.754,2.793,2.804,2.8,2.804,2.822,2.853,2.832,2.774,2.709,2.638,2.564,2.488,2.411,2.333,2.254,2.175,2.097,2.019,1.941,1.865,1.788,1.713,1.639,1.565,1.492,1.42,1.348,1.278,1.207,1.138,1.069,1.0
2.0,2.195,2.343,2.456,2.546,2.625,2.718,2.815,2.9,2.928,2.936,2.936,2.921,2.89,2.876,2.839,2.777,2.709,2.637,2.562,2.486,2.409,2.331,2.252,2.173,2.094,2.015,1.936,1.857,1.778,1.699,1.621,1.543,1.464,1.387,1.309,1.231,1.154,1.077,1.0
2.0,2.209,2.372,2.504,2.619,2.724,2.806,2.874,2.938,2.993,3.013,3.01,2.974,2.896,2.897,2.946,2.997,2.97,2.886,2.798,2.708,2.616,2.524,2.431,2.339,2.246,2.154,2.062,1.97,1.879,1.789,1.699,1.61,1.521,1.433,1.345,1.258,1.172,1.086,1.0
2.0,2.227,2.405,2.543,2.65,2.735,2.824,2.908,2.947,3.009,3.044,3.034,2.993,2.961,2.933,2.962,3.01,3.042,2.956,2.865,2.773,2.679,2.584,2.489,2.393,2.298,2.202,2.107,2.012,1.918,1.824,1.731,1.638,1.545,1.453,1.362,1.271,1.18,1.09,1.0
2.0,2.334,2.6,2.789,2.897,2.948,2.964,2.973,3.016,3.025,3.09,3.146,3.185,3.213,3.192,3.131,3.06,3.06,3.111,3.109,3.01,2.909,2.806,2.701,2.595,2.489,2.382,2.275,2.168,2.061,1.953,1.846,1.739,1.633,1.526,1.42,1.315,1.209,1.105,1.0
2.0,2.335,2.607,2.804,2.923,2.986,3.013,3.018,3.031,3.099,3.137,3.172,3.206,3.218,3.238,3.207,3.129,3.064,3.114,3.164,3.215,3.266,3.315,3.363,3.41,3.456,3.501,3.545,3.588,3.63,3.671,3.711,3.75,3.788,3.825,3.862,3.897,3.932,3.966,4.0
2.0,2.345,2.617,2.807,2.946,3.049,3.128,3.189,3.211,3.209,3.211,3.213,3.219,3.229,3.239,3.263,3.29,3.292,3.205,3.166,3.217,3.266,3.315,3.363,3.41,3.456,3.501,3.545,3.588,3.63,3.671,3.711,3.75,3.788,3.825,3.862,3.897,3.932,3.966,4.0
2.0,2.346,2.619,2.825,2.974,3.078,3.151,3.203,3.241,3.257,3.256,3.257,3.274,3.302,3.276,3.266,3.295,3.326,3.354,3.385,3.417,3.449,3.481,3.513,3.544,3.576,3.607,3.638,3.67,3.7,3.731,3.762,3.792,3.822,3.852,3.882,3.912,3.941,3.971,4.0
2.0,2.348,2.62,2.826,2.986,3.095,3.165,3.204,3.246,3.283,3.28,3.289,3.304,3.322,3.356,3.396,3.385,3.328,3.357,3.388,3.42,3.451,3.483,3.515,3.546,3.577,3.608,3.639,3.67,3.701,3.732,3.762,3.792,3.822,3.852,3.882,3.912,3.941,3.971,4.0
2.0,2.349,2.63,2.84,2.993,3.112,3.198,3.254,3.285,3.306,3.336,3.363,3.378,3.353,3.361,3.399,3.435,3.471,3.505,3.536,3.565,3.594,3.621,3.647,3.672,3.697,3.721,3.744,3.767,3.79,3.812,3.834,3.855,3.877,3.898,3.919,3.939,3.96,3.98,4.0
2.0,2.351,2.631,2.844,3.002,3.117,3.2,3.259,3.29,3.308,3.354,3.4,3.428,3.442,3.468,3.459,3.436,3.471,3.505,3.536,3.566,3.595,3.622,3.648,3.673,3.698,3.722,3.745,3.768,3.79,3.812,3.834,3.856,3.877,3.898,3.919,3.939,3.96,3.98,4.0
2.0,2.352,2.638,2.861,3.035,3.165,3.267,3.322,3.357,3.393,3.424,3.437,3.43,3.449,3.47,3.496,3.523,3.549,3.576,3.602,3.628,3.652,3.676,3.7,3.722,3.744,3.765,3.786,3.806,3.826,3.845,3.863,3.882,3.899,3.917,3.934,3.951,3.968,3.984,4.0
2.0,2.354,2.645,2.871,3.037,3.171,3.275,3.348,3.389,3.425,3.46,3.48,3.504,3.53,3.517,3.497,3.524,3.552,3.579,3.606,3.631,3.656,3.679,3.702,3.725,3.746,3.767,3.787,3.807,3.827,3.845,3.864,3.882,3.9,3.917,3.934,3.951,3.968,3.984,4.0
2.0,2.355,2.649,2.886,3.073,3.21,3.284,3.349,3.407,3.446,3.465,3.49,3.511,3.532,3.56,3.586,3.611,3.636,3.659,3.682,3.704,3.725,3.745,3.765,3.784,3.802,3.819,3.836,3.853,3.868,3.884,3.898,3.913,3.926,3.94,3.953,3.965,3.977,3.989,4.0
2.0,2.356,2.667,2.894,3.074,3.222,3.311,3.36,3.422,3.47,3.501,3.522,3.547,3.562,3.573,3.595,3.619,3.642,3.664,3.686,3.707,3.728,3.748,3.767,3.785,3.803,3.82,3.837,3.853,3.869,3.884,3.899,3.913,3.927,3.94,3.953,3.965,3.977,3.989,4.0
2.0,2.359,2.674,2.929,3.107,3.224,3.314,3.389,3.445,3.491,3.531,3.568,3.602,3.634,3.66,3.687,3.714,3.74,3.765,3.789,3.811,3.827,3.839,3.851,3.863,3.874,3.885,3.895,3.905,3.915,3.924,3.933,3.942,3.951,3.96,3.968,3.976,3.984,3.992,4.0
2.0,2.372,2.686,3.005,3.249,3.284,3.354,3.449,3.518,3.551,3.573,3.598,3.62,3.637,3.664,3.692,3.719,3.744,3.769,3.792,3.813,3.83,3.842,3.854,3.865,3.876,3.886,3.896,3.906,3.915,3.925,3.934,3.943,3.951,3.96,3.968,3.976,3.984,3.992,4.0
2.0,2.377,2.69,3.019,3.293,3.354,3.426,3.493,3.551,3.601,3.637,3.663,3.683,3.701,3.719,3.737,3.754,3.77,3.785,3.8,3.814,3.833,3.853,3.871,3.888,3.904,3.919,3.932,3.944,3.955,3.964,3.972,3.979,3.985,3.99,3.994,3.997,3.999,4.0,4.0
2.0,2.381,2.732,3.076,3.342,3.48,3.545,3.563,3.577,3.614,3.654,3.689,3.723,3.737,3.741,3.751,3.764,3.778,3.791,3.805,3.818,3.835,3.855,3.873,3.89,3.906,3.92,3.933,3.945,3.956,3.965,3.973,3.98,3.985,3.99,3.994,3.997,3.999,4.0,4.0
2.0,2.389,2.747,3.092,3.353,3.491,3.574,3.66,3.731,3.764,3.772,3.775,3.774,3.8,3.844,3.883,3.91,3.929,3.943,3.953,3.961,3.968,3.973,3.977,3.981,3.984,3.987,3.99,3.992,3.993,3.995,3.996,3.997,3.998,3.999,3.999,4.0,4.0,4.0,4.0
2.0,2.52,2.939,3.212,3.39,3.52,3.586,3.673,3.761,3.785,3.798,3.819,3.844,3.87,3.894,3.913,3.929,3.941,3.952,3.96,3.966,3.972,3.976,3.98,3.983,3.986,3.989,3.991,3.993,3.994,3.995,3.996,3.997,3.998,3.999,3.999,4.0,4.0,4.0,4.0
2.0,2.527,2.955,3.236,3.408,3.627,3.717,3.756,3.776,3.815,3.859,3.882,3.898,3.913,3.929,3.941,3.952,3.961,3.968,3.973,3.978,3.981,3.984,3.987,3.989,3.991,3.993,3.994,3.995,3.996,3.997,3.998,3.998,3.999,3.999,4.0,4.0,4.0,4.0,4.0
2.0,2.528,2.957,3.238,3.415,3.639,3.726,3.765,3.786,3.845,3.89,3.917,3.935,3.949,3.96,3.968,3.974,3.979,3.982,3.985,3.988,3.99,3.991,3.993,3.994,3.995,3.996,3.997,3.997,3.998,3.998,3.999,3.999,3.999,4.0,4.0,4.0,4.0,4.0,4.0
2.0,2.538,2.973,3.271,3.421,3.674,3.76,3.82,3.865,3.9,3.925,3.944,3.963,3.979,3.993,4.007,4.02,4.034,4.047,4.058,4.068,4.077,4.084,4.088,4.091,4.089,4.085,4.08,4.075,4.069,4.063,4.057,4.051,4.044,4.037,4.03,4.023,4.015,4.008,4.0
2.0,2.54,2.98,3.272,3.433,3.676,3.785,3.849,3.891,3.924,3.949,3.967,3.98,3.991,4.002,4.013,4.025,4.037,4.049,4.06,4.069,4.077,4.084,4.088,4.092,4.091,4.086,4.081,4.076,4.07,4.064,4.057,4.051,4.044,4.037,4.03,4.023,4.015,4.008,4.0
2.0,2.554,2.998,3.303,3.491,3.685,3.81,3.866,3.91,3.945,3.955,3.968,3.994,4.036,4.083,4.09,4.096,4.1,4.102,4.103,4.103,4.102,4.1,4.097,4.093,4.093,4.093,4.091,4.089,4.085,4.079,4.073,4.066,4.059,4.05,4.041,4.032,4.021,4.011,4.0
3.0,3.096,3.164,3.312,3.492,3.687,3.832,3.881,3.933,3.975,4.017,4.043,4.059,4.072,4.083,4.096,4.101,4.105,4.107,4.107,4.106,4.105,4.102,4.099,4.095,4.093,4.093,4.092,4.089,4.085,4.08,4.074,4.067,4.059,4.05,4.041,4.032,4.021,4.011,4.0
3.0,3.099,3.176,3.314,3.534,3.735,3.835,3.899,3.954,3.988,4.022,4.048,4.067,4.082,4.107,4.172,4.209,4.219,4.222,4.222,4.22,4.216,4.211,4.204,4.197,4.188,4.178,4.167,4.156,4.144,4.132,4.119,4.105,4.091,4.077,4.062,4.047,4.031,4.016,4.0
3.0,3.124,3.224,3.323,3.551,3.752,3.852,3.927,3.957,4.004,4.048,4.111,4.17,4.191,4.206,4.216,4.223,4.226,4.228,4.227,4.224,4.22,4.214,4.207,4.199,4.19,4.179,4.169,4.157,4.145,4.132,4.119,4.105,4.091,4.077,4.062,4.047,4.031,4.016,4.0
3.0,3.125,3.23,3.328,3.575,3.76,3.87,3.928,3.973,4.008,4.076,4.143,4.176,4.201,4.218,4.243,4.312,4.338,4.333,4.327,4.318,4.308,4.296,4.283,4.27,4.255,4.239,4.223,4.207,4.189,4.172,4.154,4.135,4.117,4.098,4.079,4.059,4.04,4.02,4.0
3.0,3.238,3.432,3.572,3.667,3.764,3.893,3.949,4.009,4.063,4.109,4.159,4.192,4.254,4.303,4.329,4.339,4.34,4.337,4.33,4.321,4.311,4.299,4.286,4.272,4.257,4.241,4.224,4.207,4.19,4.172,4.154,4.136,4.117,4.098,4.079,4.059,4.04,4.02,4.0
3.0,3.239,3.435,3.581,3.684,3.776,3.906,3.973,4.026,4.076,4.123,4.164,4.244,4.3,4.325,4.335,4.339,4.403,4.416,4.411,4.404,4.395,4.384,4.373,4.36,4.345,4.329,4.311,4.291,4.269,4.246,4.222,4.196,4.17,4.143,4.115,4.087,4.058,4.029,4.0
3.0,3.239,3.437,3.59,3.701,3.777,3.92,4.011,4.098,4.155,4.213,4.281,4.328,4.37,4.402,4.418,4.426,4.425,4.42,4.413,4.405,4.396,4.385,4.374,4.36,4.346,4.329,4.311,4.292,4.27,4.247,4.223,4.197,4.17,4.143,4.115,4.087,4.058,4.029,4.0
3.0,3.241,3.445,3.6,3.708,3.791,3.952,4.034,4.099,4.174,4.238,4.288,4.342,4.379,4.407,4.424,4.428,4.437,4.512,4.528,4.518,4.499,4.478,4.454,4.43,4.404,4.379,4.352,4.326,4.299,4.271,4.244,4.216,4.187,4.158,4.128,4.097,4.065,4.033,4.0
3.0,3.243,3.448,3.612,3.732,3.829,4.01,4.123,4.206,4.275,4.329,4.369,4.411,4.465,4.483,4.502,4.517,4.528,4.536,4.542,4.525,4.504,4.48,4.456,4.431,4.405,4.379,4.352,4.326,4.299,4.271,4.244,4.216,4.187,4.158,4.128,4.097,4.065,4.033,4.0
3.0,3.243,3.453,3.612,3.741,3.833,4.015,4.133,4.225,4.302,4.365,4.414,4.446,4.465,4.499,4.51,4.52,4.528,4.539,4.548,4.551,4.559,4.568,4.579,4.591,4.605,4.621,4.639,4.66,4.682,4.707,4.733,4.761,4.791,4.822,4.855,4.89,4.925,4.962,5.0
3.0,3.248,3.462,3.635,3.749,3.834,4.025,4.262,4.341,4.41,4.452,4.47,4.482,4.491,4.525,4.581,4.589,4.58,4.565,4.549,4.553,4.559,4.568,4.579,4.591,4.605,4.621,4.64,4.66,4.682,4.707,4.733,4.761,4.791,4.822,4.855,4.89,4.925,4.962,5.0
3.0,3.249,3.483,3.637,3.75,3.859,4.028,4.263,4.379,4.424,4.46,4.489,4.518,4.546,4.573,4.589,4.599,4.595,4.604,4.689,4.809,4.934,4.988,4.978,4.968,4.958,4.951,4.945,4.94,4.938,4.937,4.938,4.94,4.945,4.951,4.958,4.967,4.977,4.988,5.0
3.0,3.255,3.485,3.647,3.793,3.92,4.083,4.319,4.399,4.487,4.512,4.539,4.569,4.602,4.621,4.634,4.692,4.782,4.879,4.979,5.013,5.002,4.99,4.978,4.968,4.959,4.951,4.945,4.94,4.938,4.937,4.938,4.94,4.945,4.951,4.958,4.967,4.977,4.988,5.0
3.0,3.257,3.487,3.67,3.809,3.927,4.087,4.33,4.457,4.491,4.544,4.599,4.634,4.664,4.694,4.744,4.82,4.912,5.007,5.026,5.014,5.002,5.065,5.192,5.32,5.447,5.572,5.696,5.818,5.937,6.054,6.169,6.282,6.391,6.499,6.603,6.706,6.806,6.904,7.0
3.0,3.258,3.493,3.69,3.863,4.008,4.136,4.33,4.46,4.528,4.571,4.61,4.641,4.668,4.728,4.819,4.923,5.025,5.036,5.028,5.086,5.189,5.294,5.398,5.503,5.607,5.71,5.813,5.916,6.018,6.119,6.22,6.32,6.419,6.517,6.615,6.712,6.809,6.905,7.0
3.0,3.259,3.495,3.711,3.897,4.058,4.189,4.376,4.473,4.541,4.583,4.623,4.678,4.749,4.843,4.95,5.05,5.049,5.044,5.116,5.219,5.324,5.429,5.533,5.637,5.74,5.842,5.942,6.041,6.138,6.233,6.326,6.418,6.507,6.594,6.679,6.762,6.843,6.922,7.0
3.0,3.261,3.499,3.755,4.034,4.199,4.264,4.395,4.512,4.55,4.635,4.673,4.739,4.827,4.918,5.004,5.05,5.054,5.147,5.259,5.371,5.482,5.592,5.7,5.805,5.888,5.971,6.053,6.134,6.215,6.295,6.375,6.455,6.533,6.612,6.69,6.768,6.846,6.923,7.0
3.0,3.263,3.503,3.764,4.041,4.256,4.343,4.414,4.521,4.558,4.643,4.745,4.85,4.948,5.016,5.043,5.065,5.182,5.286,5.376,5.463,5.55,5.636,5.721,5.806,5.909,6.009,6.105,6.198,6.287,6.372,6.454,6.532,6.607,6.679,6.748,6.814,6.878,6.94,7.0
3.0,3.27,3.511,3.782,4.074,4.283,4.37,4.422,4.556,4.598,4.662,4.789,4.913,5.032,5.069,5.076,5.117,5.203,5.309,5.432,5.558,5.685,5.812,5.932,6.009,6.085,6.159,6.231,6.302,6.371,6.439,6.505,6.571,6.635,6.698,6.76,6.821,6.881,6.941,7.0
3.0,3.27,3.518,3.791,4.074,4.291,4.374,4.43,4.63,4.72,4.804,4.894,4.987,5.05,5.128,5.223,5.321,5.417,5.51,5.6,5.687,5.77,5.852,5.94,6.069,6.198,6.327,6.455,6.584,6.713,6.842,6.963,7.086,7.21,7.338,7.467,7.598,7.73,7.865,8.0
3.0,3.271,3.519,3.798,4.088,4.318,4.422,4.478,4.63,4.806,4.874,4.939,5.004,5.073,5.171,5.288,5.39,5.485,5.581,5.679,5.777,5.877,5.977,6.078,6.181,6.285,6.392,6.501,6.612,6.726,6.843,6.971,7.1,7.229,7.358,7.486,7.615,7.743,7.872,8.0
3.0,3.274,3.529,3.809,4.104,4.321,4.423,4.481,4.638,4.877,4.957,5.027,5.08,5.146,5.222,5.31,5.421,5.542,5.662,5.778,5.891,6.001,6.11,6.218,6.325,6.432,6.54,6.648,6.757,6.866,6.976,7.087,7.199,7.311,7.425,7.538,7.653,7.768,7.884,8.0
3.0,3.277,3.543,3.814,4.104,4.333,4.43,4.505,4.664,4.891,4.979,5.038,5.09,5.15,5.254,5.375,5.5,5.626,5.752,5.874,5.993,6.109,6.221,6.331,6.44,6.547,6.653,6.758,6.863,6.967,7.072,7.175,7.279,7.383,7.486,7.589,7.692,7.795,7.897,8.0
3.0,3.277,3.544,3.822,4.114,4.334,4.467,4.548,4.68,4.912,5.081,5.178,5.253,5.321,5.402,5.492,5.59,5.693,5.802,5.912,6.021,6.129,6.235,6.341,6.446,6.551,6.656,6.76,6.864,6.968,7.072,7.176,7.279,7.383,7.486,7.589,7.692,7.795,7.897,8.0
3.0,3.281,3.555,3.839,4.12,4.338,4.51,4.641,4.734,4.923,5.082,5.193,5.277,5.379,5.482,5.589,5.689,5.79,5.897,6.012,6.135,6.266,6.401,6.5,6.588,6.675,6.762,6.85,6.939,7.029,7.121,7.213,7.307,7.403,7.5,7.597,7.697,7.797,7.898,8.0
3.0,3.281,3.56,3.847,4.126,4.36,4.554,4.67,4.79,4.928,5.141,5.222,5.323,5.411,5.5,5.593,5.697,5.809,5.925,6.045,6.169,6.292,6.404,6.504,6.598,6.688,6.777,6.866,6.954,7.043,7.133,7.224,7.316,7.409,7.504,7.6,7.698,7.797,7.898,8.0
3.0,3.304,3.597,3.887,4.14,4.367,4.585,4.691,4.798,4.957,5.167,5.253,5.354,5.473,5.591,5.708,5.821,5.931,6.036,6.137,6.233,6.325,6.417,6.546,6.689,6.803,6.888,6.972,7.055,7.139,7.223,7.307,7.392,7.477,7.563,7.649,7.736,7.824,7.912,8.0
3.0,3.305,3.602,3.9,4.169,4.381,4.591,4.709,4.827,4.982,5.173,5.277,5.386,5.497,5.609,5.72,5.83,5.937,6.043,6.146,6.249,6.355,6.472,6.604,6.724,6.841,6.98,7.062,7.142,7.222,7.301,7.38,7.458,7.536,7.614,7.691,7.769,7.846,7.923,8.0
3.0,3.402,3.734,3.972,4.175,4.384,4.603,4.77,4.895,5.0,5.188,5.307,5.428,5.551,5.673,5.794,5.914,6.033,6.149,6.262,6.365,6.461,6.551,6.638,6.744,6.887,6.989,7.139,7.291,7.363,7.423,7.483,7.545,7.606,7.669,7.733,7.798,7.864,7.932,8.0
3.0,3.402,3.74,3.994,4.182,4.399,4.603,4.796,4.928,5.051,5.203,5.425,5.54,5.658,5.777,5.895,6.009,6.116,6.221,6.329,6.442,6.545,6.638,6.727,6.813,6.898,7.032,7.18,7.302,7.443,7.597,7.751,7.905,8.06,8.216,8.372,8.529,8.685,8.843,9.0
3.0,3.407,3.747,4.004,4.188,4.407,4.623,4.828,4.947,5.061,5.21,5.464,5.587,5.689,5.795,5.902,6.013,6.128,6.239,6.346,6.448,6.563,6.688,6.817,6.947,7.078,7.174,7.24,7.328,7.477,7.628,7.778,7.93,8.082,8.234,8.387,8.54,8.693,8.846,9.0
3.0,3.408,3.751,4.02,4.19,4.418,4.656,4.861,5.006,5.106,5.229,5.464,5.665,5.783,5.897,6.012,6.127,6.244,6.362,6.48,6.6,6.718,6.829,6.934,7.026,7.107,7.215,7.348,7.483,7.619,7.756,7.892,8.03,8.168,8.306,8.444,8.583,8.722,8.861,9.0
3.0,3.409,3.755,4.028,4.217,4.429,4.67,4.87,5.065,5.118,5.231,5.487,5.686,5.805,5.918,6.031,6.144,6.259,6.376,6.489,6.603,6.722,6.845,6.968,7.093,7.218,7.344,7.47,7.597,7.723,7.85,7.978,8.105,8.232,8.36,8.488,8.616,8.744,8.872,9.0
3.0,3.409,3.758,4.04,4.23,4.441,4.678,4.897,5.068,5.228,5.322,5.491,5.71,5.866,5.967,6.066,6.167,6.27,6.378,6.495,6.615,6.736,6.853,6.974,7.096,7.22,7.345,7.471,7.597,7.724,7.851,7.978,8.105,8.232,8.36,8.488,8.616,8.744,8.872,9.0
3.0,3.418,3.797,4.055,4.231,4.447,4.678,4.915,5.14,5.247,5.403,5.495,5.73,5.931,6.025,6.119,6.214,6.312,6.413,6.518,6.626,6.737,6.858,6.98,7.104,7.228,7.352,7.477,7.602,7.728,7.854,7.981,8.107,8.234,8.361,8.489,8.616,8.744,8.872,9.0
3.0,3.418,3.797,4.057,4.246,4.454,4.721,4.968,5.145,5.326,5.411,5.553,5.751,5.953,6.091,6.185,6.28,6.375,6.473,6.573,6.676,6.784,6.895,7.009,7.126,7.245,7.365,7.487,7.61,7.734,7.858,7.984,8.109,8.236,8.362,8.489,8.616,8.744,8.872,9.0
3.0,3.429,3.807,4.079,4.266,4.464,4.731,4.981,5.154,5.332,5.477,5.583,5.76,5.962,6.119,6.228,6.332,6.43,6.526,6.623,6.723,6.825,6.928,7.033,7.141,7.253,7.37,7.489,7.611,7.734,7.859,7.984,8.109,8.236,8.362,8.489,8.616,8.744,8.872,9.0
3.0,3.429,3.809,4.091,4.291,4.496,4.739,5.009,5.174,5.38,5.5,5.647,5.767,5.998,6.169,6.273,6.367,6.468,6.573,6.679,6.772,6.869,6.97,7.075,7.182,7.292,7.405,7.52,7.637,7.755,7.875,7.997,8.119,8.242,8.367,8.492,8.618,8.745,8.872,9.0
3.0,3.435,3.811,4.098,4.294,4.508,4.761,5.033,5.256,5.403,5.628,5.737,5.838,6.01,6.191,6.333,6.419,6.503,6.589,6.68,6.786,6.891,6.991,7.09,7.191,7.296,7.407,7.521,7.637,7.755,7.875,7.997,8.119,8.243,8.367,8.492,8.618,8.745,8.872,9.0
3.0,3.435,3.815,4.112,4.325,4.519,4.774,5.05,5.263,5.405,5.631,5.789,5.899,6.019,6.213,6.424,6.641,6.729,6.801,6.872,6.944,7.018,7.099,7.19,7.29,7.396,7.505,7.617,7.729,7.843,7.957,8.071,8.186,8.302,8.418,8.534,8.65,8.766,8.883,9.0
3.0,3.439,3.818,4.127,4.357,4.538,4.782,5.058,5.292,5.477,5.651,5.794,5.906,6.019,6.26,6.431,6.646,6.822,6.923,7.017,7.112,7.207,7.303,7.399,7.496,7.593,7.691,7.789,7.888,7.988,8.087,8.188,8.288,8.389,8.49,8.592,8.693,8.795,8.898,9.0
3.0,3.44,3.825,4.179,4.48,4.596,4.801,5.08,5.293,5.508,5.659,5.823,5.972,6.097,6.269,6.52,6.657,6.857,7.056,7.157,7.234,7.314,7.397,7.483,7.57,7.66,7.75,7.843,7.936,8.03,8.125,8.22,8.316,8.413,8.51,8.607,8.705,8.803,8.901,9.0
3.0,3.441,3.833,4.193,4.503,4.613,4.815,5.093,5.347,5.563,5.678,5.827,5.988,6.146,6.274,6.525,6.741,6.873,7.074,7.276,7.475,7.671,7.866,8.058,8.249,8.438,8.626,8.813,8.999,9.184,9.368,9.551,9.734,9.916,10.098,10.279,10.46,10.64,10.82,11.0
3.0,3.443,3.836,4.222,4.522,4.704,4.895,5.105,5.389,5.579,5.701,5.894,6.112,6.26,6.441,6.577,6.769,7.013,7.1,7.277,7.476,7.673,7.867,8.059,8.249,8.438,8.626,8.813,8.999,9.184,9.368,9.551,9.734,9.916,10.098,10.279,10.46,10.64,10.82,11.0
3.0,3.444,3.855,4.227,4.529,4.707,4.926,5.123,5.405,5.59,5.707,5.898,6.134,6.276,6.445,6.622,6.773,7.018,7.256,7.496,7.731,7.958,8.184,8.409,8.634,8.86,9.085,9.31,9.535,9.76,9.985,10.21,10.434,10.658,10.882,11.106,11.33,11.553,11.777,12.0
3.0,3.446,3.855,4.242,4.549,4.841,4.969,5.155,5.41,5.61,5.869,6.005,6.135,6.369,6.5,6.649,6.855,7.018,7.26,7.499,7.733,7.959,8.184,8.409,8.635,8.86,9.085,9.311,9.536,9.76,9.985,10.21,10.434,10.658,10.882,11.106,11.33,11.553,11.777,12.0
3.0,3.449,3.865,4.245,4.564,4.846,4.99,5.188,5.433,5.658,5.873,6.065,6.165,6.372,6.57,6.679,6.862,7.073,7.291,7.512,7.738,7.971,8.204,8.436,8.666,8.894,9.122,9.348,9.573,9.797,10.02,10.242,10.464,10.685,10.905,11.125,11.345,11.563,11.782,12.0
3.0,3.451,3.867,4.259,4.59,4.861,5.068,5.198,5.448,5.724,6.003,6.154,6.332,6.418,6.602,6.833,6.965,7.082,7.295,7.515,7.74,7.972,8.205,8.436,8.666,8.895,9.122,9.348,9.573,9.797,10.02,10.243,10.464,10.685,10.905,11.125,11.345,11.563,11.782,12.0
3.0,3.452,3.873,4.26,4.594,4.873,5.095,5.221,5.451,5.731,6.012,6.188,6.352,6.473,6.605,6.835,7.061,7.288,7.513,7.737,7.959,8.181,8.401,8.62,8.838,9.056,9.272,9.487,9.701,9.914,10.127,10.338,10.548,10.758,10.967,11.175,11.382,11.589,11.795,12.0
3.0,3.454,3.879,4.269,4.607,4.908,5.108,5.256,5.467,5.746,6.025,6.256,6.416,6.619,6.823,6.901,7.063,7.289,7.514,7.737,7.96,8.181,8.401,8.62,8.839,9.056,9.272,9.487,9.701,9.914,10.127,10.338,10.548,10.758,10.967,11.175,11.382,11.589,11.795,12.0
3.0,3.463,3.896,4.283,4.611,4.915,5.144,5.326,5.481,5.761,6.029,6.293,6.424,6.628,6.835,7.05,7.263,7.473,7.683,7.891,8.098,8.305,8.511,8.717,8.923,9.128,9.334,9.539,9.744,9.949,10.154,10.359,10.564,10.769,10.974,11.18,11.385,11.59,11.795,12.0
3.0,3.465,3.9,4.308,4.641,4.94,5.151,5.336,5.485,5.764,6.046,6.295,6.538,6.768,6.87,7.062,7.271,7.479,7.687,7.894,8.101,8.307,8.513,8.718,8.924,9.129,9.334,9.539,9.744,9.949,10.154,10.359,10.564,10.769,10.975,11.18,11.385,11.59,11.795,12.0
3.0,3.608,4.08,4.325,4.642,4.949,5.187,5.348,5.518,5.767,6.049,6.31,6.54,6.771,6.991,7.209,7.423,7.634,7.843,8.049,8.255,8.459,8.662,8.863,9.064,9.264,9.463,9.662,9.86,10.057,10.253,10.449,10.645,10.839,11.034,11.228,11.421,11.615,11.808,12.0
3.0,3.609,4.116,4.399,4.659,4.963,5.189,5.392,5.534,5.789,6.088,6.354,6.667,6.794,6.994,7.211,7.425,7.636,7.844,8.051,8.256,8.46,8.663,8.864,9.065,9.265,9.464,9.662,9.86,10.057,10.253,10.449,10.645,10.84,11.034,11.228,11.422,11.615,11.808,12.0
3.0,3.635,4.116,4.406,4.66,4.98,5.203,5.394,5.55,5.816,6.096,6.355,6.672,6.963,7.186,7.396,7.602,7.804,8.004,8.202,8.398,8.592,8.786,8.979,9.171,9.362,9.552,9.743,9.932,10.121,10.31,10.499,10.687,10.875,11.063,11.251,11.438,11.626,11.813,12.0
3.0,3.638,4.149,4.435,4.677,4.981,5.213,5.438,5.702,5.908,6.11,6.425,6.737,6.975,7.194,7.402,7.606,7.807,8.006,8.203,8.399,8.593,8.787,8.979,9.171,9.362,9.553,9.743,9.932,10.122,10.31,10.499,10.687,10.875,11.063,11.251,11.438,11.626,11.813,12.0
4.0,4.038,4.164,4.442,4.698,5.007,5.253,5.445,5.715,5.957,6.133,6.431,6.741,7.008,7.326,7.608,7.841,8.07,8.294,8.517,8.738,8.958,9.178,9.398,9.618,9.838,10.059,10.281,10.503,10.726,10.95,11.175,11.4,11.627,11.854,12.082,12.31,12.54,12.77,13.0
4.0,4.153,4.291,4.485,4.737,5.011,5.271,5.48,5.754,5.971,6.182,6.443,6.759,7.008,7.327,7.615,7.848,8.075,8.299,8.521,8.741,8.961,9.18,9.4,9.62,9.84,10.06,10.282,10.504,10.727,10.951,11.175,11.401,11.627,11.854,12.082,12.31,12.54,12.77,13.0
4.0,4.153,4.292,4.486,4.737,5.023,5.273,5.492,5.757,5.987,6.222,6.446,6.764,7.084,7.364,7.651,7.975,8.297,8.618,8.937,9.254,9.569,9.882,10.193,10.502,10.809,11.114,11.419,11.722,12.024,12.324,12.624,12.924,13.222,13.52,13.817,14.113,14.409,14.705,15.0
4.0,4.156,4.3,4.525,4.772,5.026,5.293,5.584,5.824,6.025,6.247,6.524,6.766,7.086,7.372,7.651,7.975,8.297,8.618,8.937,9.254,9.569,9.882,10.193,10.502,10.809,11.114,11.419,11.722,12.024,12.324,12.624,12.924,13.222,13.52,13.817,14.113,14.409,14.705,15.0
4.0,4.157,4.307,4.535,4.783,5.031,5.3,5.595,5.85,6.027,6.258,6.53,6.779,7.098,7.406,7.725,8.043,8.359,8.674,8.987,9.299,9.61,9.918,10.225,10.531,10.834,11.136,11.437,11.737,12.036,12.334,12.632,12.929,13.226,13.523,13.819,14.114,14.41,14.705,15.0
4.0,4.158,4.332,4.541,4.794,5.035,5.32,5.599,5.878,6.088,6.292,6.541,6.787,7.107,7.408,7.726,8.043,8.359,8.674,8.987,9.299,9.61,9.919,10.225,10.531,10.834,11.136,11.437,11.737,12.036,12.334,12.632,12.929,13.226,13.523,13.819,14.114,14.41,14.705,15.0
4.0,4.158,4.338,4.548,4.799,5.071,5.323,5.614,5.89,6.123,6.295,6.561,6.827,7.115,7.444,7.777,8.107,8.435,8.759,9.072,9.375,9.678,9.981,10.285,10.589,10.892,11.195,11.498,11.799,12.098,12.396,12.693,12.987,13.28,13.571,13.86,14.147,14.433,14.717,15.0
4.0,4.164,4.35,4.571,4.836,5.073,5.352,5.653,5.903,6.153,6.416,6.676,6.842,7.123,7.446,7.779,8.109,8.436,8.759,9.072,9.375,9.679,9.982,10.285,10.589,10.892,11.196,11.498,11.799,12.098,12.397,12.693,12.987,13.28,13.571,13.86,14.147,14.433,14.717,15.0
4.0,4.165,4.35,4.575,4.847,5.077,5.376,5.67,5.908,6.159,6.423,6.692,6.975,7.257,7.55,7.853,8.16,8.466,8.77,9.08,9.397,9.711,10.023,10.331,10.637,10.94,11.24,11.539,11.835,12.13,12.423,12.714,13.004,13.292,13.579,13.865,14.15,14.434,14.718,15.0
4.0,4.167,4.357,4.589,4.86,5.113,5.385,5.717,5.943,6.189,6.474,6.702,6.978,7.266,7.556,7.858,8.164,8.468,8.771,9.082,9.399,9.712,10.023,10.332,10.637,10.94,11.241,11.539,11.835,12.13,12.423,12.714,13.004,13.292,13.579,13.865,14.15,14.434,14.718,15.0
4.0,4.168,4.358,4.592,4.863,5.137,5.385,5.718,5.956,6.19,6.477,6.737,6.998,7.275,7.571,7.87,8.174,8.484,8.796,9.109,9.42,9.73,10.039,10.344,10.648,10.95,11.249,11.546,11.841,12.135,12.426,12.717,13.006,13.294,13.58,13.866,14.151,14.434,14.718,15.0
4.0,4.169,4.36,4.593,4.865,5.144,5.407,5.753,5.992,6.221,6.505,6.744,7.007,7.287,7.58,7.878,8.18,8.488,8.799,9.111,9.422,9.732,10.039,10.345,10.649,10.95,11.249,11.546,11.841,12.135,12.426,12.717,13.006,13.294,13.58,13.866,14.151,14.434,14.718,15.0
4.0,4.17,4.363,4.596,4.868,5.152,5.442,5.755,6.022,6.226,6.509,6.815,7.131,7.451,7.774,8.099,8.427,8.755,9.059,9.344,9.629,9.913,10.197,10.48,10.763,11.046,11.329,11.612,11.895,12.177,12.46,12.742,13.025,13.307,13.589,13.872,14.154,14.436,14.718,15.0
4.0,4.183,4.386,4.624,4.888,5.153,5.463,5.779,6.055,6.367,6.623,6.817,7.133,7.453,7.775,8.1,8.427,8.756,9.06,9.345,9.63,9.914,10.197,10.481,10.764,11.047,11.33,11.612,11.895,12.178,12.46,12.742,13.025,13.307,13.589,13.872,14.154,14.436,14.718,15.0
4.0,4.191,4.404,4.648,4.903,5.163,5.465,5.779,6.057,6.372,6.689,7.002,7.309,7.61,7.906,8.197,8.486,8.774,9.087,9.418,9.745,10.034,10.32,10.605,10.887,11.169,11.448,11.727,12.004,12.28,12.555,12.83,13.103,13.376,13.648,13.919,14.19,14.461,14.731,15.0
4.0,4.209,4.432,4.678,4.917,5.166,5.472,5.793,6.097,6.426,6.696,7.004,7.312,7.614,7.909,8.199,8.488,8.775,9.087,9.418,9.746,10.034,10.32,10.605,10.888,11.169,11.448,11.727,12.004,12.28,12.555,12.83,13.103,13.376,13.648,13.919,14.19,14.461,14.731,15.0
4.0,4.25,4.496,4.732,4.925,5.181,5.487,5.8,6.1,6.437,6.741,7.045,7.348,7.652,7.958,8.262,8.565,8.864,9.161,9.454,9.751,10.083,10.372,10.649,10.925,11.2,11.474,11.748,12.021,12.294,12.566,12.838,13.109,13.38,13.651,13.921,14.191,14.461,14.731,15.0
4.0,4.299,4.559,4.759,4.941,5.183,5.5,5.813,6.124,6.442,6.744,7.048,7.352,7.656,7.961,8.265,8.566,8.865,9.161,9.455,9.751,10.083,10.372,10.649,10.925,11.2,11.474,11.748,12.021,12.294,12.566,12.838,13.109,13.38,13.651,13.921,14.191,14.461,14.731,15.0
4.0,4.3,4.564,4.787,4.997,5.192,5.515,5.835,6.132,6.453,6.778,7.109,7.426,7.74,8.052,8.363,8.668,8.964,9.251,9.534,9.815,10.094,10.416,10.749,11.082,11.414,11.746,12.077,12.407,12.736,13.064,13.392,13.719,14.045,14.371,14.697,15.023,15.348,15.674,16.0
4.0,4.3,4.583,4.822,5.01,5.22,5.545,5.836,6.137,6.465,6.783,7.11,7.427,7.741,8.053,8.363,8.668,8.964,9.252,9.535,9.815,10.094,10.417,10.75,11.082,11.414,11.746,12.077,12.407,12.736,13.064,13.392,13.719,14.045,14.371,14.697,15.023,15.348,15.674,16.0
4.0,4.301,4.6,4.827,5.035,5.231,5.565,5.869,6.146,6.472,6.791,7.113,7.438,7.759,8.076,8.39,8.701,9.011,9.321,9.63,9.941,10.252,10.564,10.877,11.191,11.503,11.817,12.132,12.449,12.768,13.087,13.408,13.73,14.052,14.376,14.7,15.024,15.349,15.674,16.0
4.0,4.302,4.608,4.894,5.059,5.306,5.599,5.875,6.183,6.523,6.794,7.114,7.438,7.76,8.077,8.39,8.701,9.011,9.321,9.63,9.941,10.252,10.564,10.877,11.191,11.503,11.817,12.132,12.449,12.768,13.087,13.408,13.73,14.052,14.376,14.7,15.024,15.349,15.674,16.0
4.0,4.318,4.614,4.906,5.11,5.36,5.653,5.896,6.203,6.533,6.856,7.186,7.514,7.836,8.13,8.422,8.715,9.016,9.324,9.636,9.95,10.264,10.573,10.881,11.192,11.508,11.825,12.144,12.463,12.783,13.104,13.426,13.748,14.07,14.393,14.715,15.037,15.358,15.679,16.0
4.0,4.32,4.634,4.923,5.241,5.542,5.677,5.91,6.231,6.573,6.862,7.19,7.517,7.837,8.131,8.422,8.716,9.017,9.325,9.637,9.95,10.265,10.573,10.881,11.193,11.508,11.825,12.144,12.463,12.783,13.104,13.426,13.748,14.07,14.393,14.715,15.037,15.358,15.679,16.0
4.0,4.32,4.64,4.94,5.258,5.557,5.718,5.928,6.247,6.587,6.923,7.243,7.545,7.842,8.161,8.469,8.767,9.064,9.362,9.662,9.964,10.268,10.58,10.896,11.213,11.53,11.847,12.165,12.484,12.802,13.121,13.44,13.76,14.079,14.399,14.719,15.039,15.359,15.68,16.0
4.0,4.328,4.647,4.95,5.259,5.56,5.78,5.933,6.284,6.59,6.924,7.244,7.545,7.843,8.162,8.47,8.768,9.064,9.362,9.662,9.964,10.268,10.58,10.896,11.213,11.53,11.847,12.165,12.484,12.802,13.121,13.44,13.76,14.079,14.399,14.719,15.039,15.359,15.68,16.0
4.0,4.329,4.654,4.957,5.263,5.56,5.802,5.972,6.304,6.627,6.944,7.248,7.558,7.872,8.187,8.499,8.816,9.135,9.454,9.771,10.088,10.405,10.72,11.035,11.348,11.661,11.973,12.285,12.597,12.908,13.219,13.529,13.839,14.149,14.458,14.767,15.076,15.384,15.692,16.0
4.0,4.329,4.658,4.96,5.275,5.565,5.853,6.145,6.442,6.633,6.946,7.249,7.559,7.872,8.187,8.5,8.817,9.135,9.454,9.771,10.088,10.405,10.72,11.035,11.348,11.661,11.973,12.285,12.597,12.908,13.219,13.529,13.839,14.149,14.458,14.767,15.076,15.384,15.692,16.0
4.0,4.33,4.659,4.976,5.293,5.583,5.854,6.151,6.445,6.742,7.033,7.321,7.609,7.899,8.193,8.503,8.82,9.138,9.456,9.774,10.091,10.407,10.722,11.035,11.349,11.662,11.975,12.287,12.599,12.91,13.22,13.53,13.84,14.15,14.459,14.767,15.076,15.384,15.692,16.0
4.0,4.331,4.661,4.979,5.297,5.589,5.864,6.162,6.465,6.747,7.036,7.324,7.612,7.902,8.195,8.504,8.821,9.139,9.457,9.774,10.091,10.407,10.722,11.035,11.349,11.662,11.975,12.287,12.599,12.91,13.22,13.53,13.84,14.15,14.459,14.767,15.076,15.384,15.692,16.0
4.0,4.333,4.663,4.987,5.31,5.607,5.869,6.169,6.478,6.782,7.073,7.364,7.656,7.951,8.249,8.551,8.856,9.164,9.473,9.784,10.096,10.409,10.722,11.036,11.35,11.663,11.976,12.288,12.599,12.91,13.22,13.531,13.84,14.15,14.459,14.767,15.076,15.384,15.692,16.0
4.0,4.333,4.668,4.989,5.312,5.617,5.89,6.186,6.488,6.79,7.08,7.367,7.657,7.951,8.249,8.551,8.856,9.164,9.473,9.784,10.096,10.409,10.722,11.036,11.35,11.663,11.976,12.288,12.599,12.91,13.22,13.531,13.84,14.15,14.459,14.767,15.076,15.384,15.692,16.0
4.0,4.333,4.669,4.995,5.32,5.633,5.906,6.201,6.495,6.804,7.148,7.497,7.813,8.122,8.43,8.738,9.045,9.353,9.661,9.968,10.276,10.583,10.89,11.196,11.502,11.807,12.112,12.408,12.699,12.992,13.286,13.582,13.879,14.177,14.478,14.779,15.082,15.387,15.693,16.0
4.0,4.335,4.67,4.995,5.324,5.639,5.924,6.213,6.508,6.804,7.148,7.497,7.814,8.123,8.43,8.738,9.046,9.353,9.661,9.968,10.276,10.583,10.89,11.196,11.502,11.807,12.112,12.408,12.699,12.992,13.286,13.582,13.879,14.177,14.478,14.779,15.082,15.387,15.693,16.0
4.0,4.335,4.671,5.001,5.329,5.646,5.929,6.226,6.513,6.83,7.188,7.528,7.855,8.179,8.501,8.824,9.145,9.465,9.78,10.09,10.394,10.685,10.97,11.256,11.543,11.83,12.119,12.416,12.719,13.021,13.322,13.623,13.922,14.221,14.519,14.816,15.113,15.409,15.705,16.0
4.0,4.336,4.673,5.003,5.337,5.646,5.955,6.273,6.52,6.834,7.188,7.529,7.856,8.18,8.503,8.826,9.148,9.467,9.782,10.091,10.395,10.685,10.97,11.256,11.543,11.83,12.119,12.416,12.719,13.021,13.322,13.623,13.922,14.221,14.519,14.816,15.113,15.409,15.705,16.0
4.0,4.338,4.674,5.014,5.347,5.657,5.965,6.282,6.589,6.902,7.213,7.543,7.908,8.266,8.595,8.912,9.229,9.542,9.831,10.116,10.401,10.695,10.993,11.289,11.585,11.879,12.174,12.468,12.762,13.056,13.35,13.644,13.938,14.233,14.527,14.821,15.116,15.41,15.705,16.0
4.0,4.339,4.678,5.017,5.354,5.667,5.979,6.289,6.594,6.903,7.215,7.548,7.911,8.27,8.597,8.915,9.23,9.542,9.832,10.116,10.401,10.696,10.993,11.29,11.585,11.88,12.174,12.468,12.762,13.056,13.35,13.644,13.938,14.233,14.527,14.821,15.116,15.41,15.705,16.0
4.0,4.339,4.681,5.027,5.363,5.67,5.981,6.293,6.603,6.92,7.251,7.606,7.949,8.275,8.615,8.95,9.261,9.553,9.868,10.191,10.503,10.799,11.093,11.385,11.675,11.962,12.249,12.537,12.824,13.112,13.4,13.688,13.976,14.265,14.554,14.843,15.132,15.421,15.71,16.0
4.0,4.341,4.684,5.029,5.368,5.673,6.015,6.356,6.604,6.926,7.262,7.617,7.959,8.285,8.618,8.952,9.261,9.553,9.868,10.191,10.503,10.799,11.093,11.385,11.675,11.962,12.249,12.537,12.824,13.112,13.4,13.688,13.976,14.265,14.554,14.843,15.132,15.421,15.71,16.0
4.0,4.341,4.686,5.042,5.401,5.683,6.018,6.357,6.694,7.027,7.358,7.696,8.025,8.346,8.663,8.972,9.277,9.593,9.9,10.203,10.518,10.816,11.102,11.389,11.676,11.965,12.254,12.542,12.829,13.117,13.404,13.692,13.98,14.268,14.556,14.844,15.133,15.421,15.711,16.0
4.0,4.341,4.689,5.047,5.414,5.711,6.05,6.39,6.696,7.027,7.36,7.698,8.028,8.348,8.664,8.972,9.278,9.593,9.9,10.203,10.519,10.816,11.102,11.389,11.676,11.965,12.254,12.542,12.829,13.117,13.404,13.692,13.98,14.268,14.556,14.844,15.133,15.421,15.711,16.0
4.0,4.342,4.692,5.061,5.424,5.713,6.053,6.391,6.723,7.055,7.386,7.718,8.071,8.381,8.679,8.979,9.294,9.615,9.937,10.24,10.529,10.849,11.182,11.518,11.854,12.193,12.532,12.872,13.213,13.555,13.898,14.241,14.584,14.928,15.273,15.618,15.963,16.308,16.654,17.0
4.0,4.342,4.697,5.068,5.429,5.72,6.057,6.397,6.728,7.058,7.386,7.722,8.072,8.383,8.68,8.98,9.295,9.616,9.938,10.24,10.529,10.849,11.183,11.518,11.855,12.193,12.532,12.873,13.214,13.555,13.898,14.241,14.584,14.928,15.273,15.618,15.963,16.308,16.654,17.0
4.0,4.344,4.702,5.077,5.437,5.764,6.116,6.43,6.738,7.075,7.413,7.757,8.093,8.427,8.735,9.035,9.337,9.643,9.953,10.269,10.588,10.912,11.237,11.566,11.896,12.228,12.562,12.897,13.234,13.572,13.911,14.251,14.592,14.934,15.276,15.62,15.964,16.309,16.654,17.0
4.0,4.345,4.713,5.096,5.442,5.79,6.154,6.46,6.793,7.119,7.444,7.778,8.104,8.434,8.738,9.038,9.339,9.646,9.955,10.27,10.59,10.913,11.239,11.567,11.897,12.229,12.562,12.898,13.234,13.572,13.911,14.251,14.592,14.934,15.276,15.62,15.964,16.309,16.654,17.0
4.0,4.348,4.732,5.133,5.46,5.803,6.166,6.491,6.825,7.152,7.471,7.783,8.12,8.501,8.81,9.099,9.387,9.675,9.965,10.276,10.601,10.928,11.256,11.585,11.915,12.246,12.578,12.912,13.247,13.582,13.92,14.258,14.597,14.938,15.279,15.622,15.965,16.309,16.654,17.0
4.0,4.362,4.739,5.152,5.465,5.803,6.168,6.501,6.829,7.154,7.472,7.784,8.129,8.506,8.81,9.099,9.387,9.675,9.966,10.278,10.601,10.928,11.256,11.585,11.915,12.246,12.578,12.912,13.247,13.583,13.92,14.258,14.597,14.938,15.279,15.622,15.965,16.309,16.654,17.0
4.0,4.362,4.742,5.195,5.512,5.827,6.181,6.545,6.915,7.265,7.583,7.89,8.205,8.521,8.907,9.28,9.577,9.876,10.177,10.483,10.792,11.105,11.42,11.739,12.06,12.383,12.707,13.033,13.36,13.688,14.016,14.346,14.676,15.007,15.338,15.669,16.001,16.334,16.667,17.0
4.0,4.374,4.755,5.201,5.512,5.829,6.183,6.548,6.916,7.267,7.589,7.896,8.211,8.523,8.911,9.281,9.578,9.876,10.178,10.483,10.792,11.105,11.421,11.739,12.06,12.383,12.707,13.033,13.36,13.688,14.016,14.346,14.676,15.007,15.338,15.669,16.001,16.334,16.667,17.0
4.0,4.388,4.77,5.215,5.519,5.867,6.196,6.554,6.93,7.279,7.611,7.925,8.226,8.573,8.983,9.328,9.733,10.045,10.356,10.667,10.978,11.29,11.603,11.917,12.231,12.545,12.861,13.177,13.493,13.81,14.127,14.445,14.763,15.082,15.401,15.72,16.04,16.359,16.68,17.0
4.0,4.389,4.773,5.228,5.598,5.876,6.21,6.554,6.931,7.282,7.613,7.926,8.227,8.576,8.983,9.33,9.735,10.047,10.358,10.668,10.98,11.292,11.604,11.917,12.231,12.546,12.861,13.177,13.493,13.81,14.127,14.445,14.763,15.082,15.401,15.72,16.04,16.359,16.68,17.0
4.0,4.395,4.821,5.24,5.608,5.919,6.237,6.574,6.938,7.33,7.733,8.105,8.401,8.695,8.992,9.398,9.755,10.139,10.441,10.744,11.048,11.352,11.657,11.964,12.272,12.58,12.89,13.201,13.513,13.826,14.14,14.455,14.771,15.087,15.404,15.722,16.041,16.36,16.68,17.0
4.0,4.491,4.917,5.24,5.658,5.932,6.291,6.582,6.944,7.331,7.734,8.106,8.401,8.695,8.993,9.402,9.757,10.139,10.442,10.744,11.048,11.352,11.657,11.964,12.272,12.58,12.89,13.201,13.513,13.826,14.14,14.455,14.771,15.087,15.404,15.722,16.041,16.36,16.68,17.0
4.0,4.492,4.918,5.256,5.66,5.978,6.324,6.683,7.078,7.476,7.806,8.144,8.501,8.813,9.125,9.451,9.832,10.169,10.474,10.777,11.081,11.384,11.688,11.992,12.297,12.604,12.911,13.219,13.528,13.839,14.15,14.463,14.777,15.091,15.407,15.724,16.042,16.36,16.68,17.0
4.0,4.494,4.927,5.264,5.68,6.152,6.329,6.702,7.087,7.48,7.808,8.145,8.502,8.815,9.127,9.451,9.833,10.169,10.474,10.777,11.081,11.384,11.688,11.992,12.297,12.604,12.911,13.219,13.528,13.839,14.15,14.463,14.777,15.091,15.407,15.724,16.042,16.36,16.68,17.0
4.0,4.495,4.928,5.295,5.707,6.157,6.488,6.812,7.143,7.489,7.843,8.185,8.555,8.907,9.23,9.536,9.863,10.188,10.624,11.064,11.505,11.948,12.392,12.836,13.282,13.728,14.174,14.621,15.069,15.516,15.964,16.412,16.86,17.309,17.757,18.205,18.654,19.103,19.551,20.0
4.0,4.499,4.978,5.37,5.713,6.174,6.509,6.829,7.155,7.489,7.845,8.185,8.558,8.909,9.231,9.538,9.863,10.19,10.626,11.065,11.506,11.949,12.393,12.837,13.282,13.728,14.175,14.622,15.069,15.517,15.964,16.412,16.86,17.309,17.757,18.205,18.654,19.103,19.551,20.0
4.0,4.503,4.982,5.38,5.758,6.177,6.525,6.849,7.169,7.495,7.852,8.205,8.568,8.92,9.238,9.553,9.868,10.3,10.739,11.18,11.621,12.064,12.506,12.948,13.39,13.833,14.275,14.716,15.158,15.599,16.041,16.481,16.922,17.363,17.803,18.243,18.682,19.122,19.561,20.0
4.0,4.506,4.988,5.409,5.767,6.181,6.529,6.85,7.17,7.504,7.853,8.208,8.568,8.923,9.238,9.553,9.87,10.3,10.74,11.18,11.622,12.064,12.506,12.948,13.391,13.833,14.275,14.717,15.158,15.6,16.041,16.482,16.922,17.363,17.803,18.243,18.682,19.122,19.561,20.0
4.0,4.507,4.994,5.423,5.794,6.197,6.544,6.878,7.2,7.514,7.881,8.255,8.598,8.978,9.399,9.821,10.244,10.668,11.092,11.517,11.942,12.367,12.792,13.217,13.642,14.067,14.491,14.916,15.34,15.764,16.188,16.612,17.036,17.46,17.884,18.307,18.73,19.154,19.577,20.0
4.0,4.508,4.996,5.427,5.804,6.199,6.548,6.88,7.2,7.517,7.884,8.258,8.601,8.978,9.399,9.821,10.244,10.668,11.092,11.517,11.942,12.367,12.792,13.217,13.642,14.067,14.491,14.916,15.34,15.764,16.188,16.612,17.036,17.46,17.884,18.307,18.73,19.154,19.577,20.0
4.0,4.509,5.004,5.43,5.822,6.207,6.596,6.924,7.255,7.578,7.909,8.28,8.68,9.083,9.49,9.901,10.314,10.729,11.145,11.563,11.982,12.401,12.821,13.241,13.662,14.084,14.505,14.927,15.349,15.772,16.194,16.617,17.039,17.462,17.885,18.308,18.731,19.154,19.577,20.0
4.0,4.51,5.01,5.435,5.828,6.259,6.599,6.929,7.257,7.582,7.91,8.282,8.68,9.083,9.49,9.901,10.314,10.729,11.145,11.563,11.982,12.401,12.821,13.241,13.662,14.084,14.505,14.927,15.349,15.772,16.194,16.617,17.039,17.462,17.885,18.308,18.731,19.154,19.577,20.0
4.0,4.521,5.018,5.438,5.828,6.261,6.61,6.937,7.271,7.623,7.99,8.368,8.756,9.144,9.529,9.927,10.333,10.743,11.156,11.571,11.988,12.406,12.825,13.245,13.665,14.086,14.507,14.929,15.35,15.772,16.195,16.617,17.04,17.462,17.885,18.308,18.731,19.154,19.577,20.0
4.0,4.525,5.02,5.452,5.84,6.264,6.61,6.94,7.272,7.625,7.992,8.371,8.758,9.145,9.53,9.927,10.333,10.743,11.156,11.572,11.988,12.406,12.825,13.245,13.665,14.086,14.507,14.929,15.35,15.773,16.195,16.617,17.04,17.462,17.885,18.308,18.731,19.154,19.577,20.0
4.0,4.539,5.047,5.461,5.856,6.267,6.636,6.971,7.325,7.693,8.064,8.43,8.779,9.15,9.549,9.953,10.36,10.769,11.181,11.594,12.009,12.425,12.842,13.259,13.678,14.097,14.517,14.937,15.357,15.778,16.199,16.621,17.042,17.464,17.886,18.309,18.731,19.154,19.577,20.0
4.0,4.554,5.067,5.47,5.891,6.292,6.653,6.988,7.339,7.705,8.073,8.432,8.779,9.153,9.552,9.955,10.362,10.771,11.182,11.595,12.01,12.426,12.842,13.26,13.678,14.097,14.517,14.937,15.357,15.778,16.199,16.621,17.042,17.464,17.886,18.309,18.731,19.154,19.577,20.0
4.0,4.586,5.119,5.486,5.901,6.303,6.707,7.072,7.424,7.764,8.097,8.434,8.812,9.214,9.626,10.043,10.463,10.883,11.303,11.722,12.141,12.56,12.977,13.395,13.811,14.227,14.642,15.056,15.471,15.884,16.297,16.71,17.122,17.534,17.946,18.357,18.768,19.179,19.59,20.0
4.0,4.733,5.198,5.489,5.916,6.321,6.713,7.079,7.427,7.765,8.098,8.44,8.818,9.218,9.63,10.046,10.465,10.885,11.304,11.724,12.143,12.561,12.978,13.395,13.812,14.227,14.642,15.057,15.471,15.884,16.297,16.71,17.122,17.534,17.946,18.357,18.768,19.179,19.59,20.0
5.0,5.077,5.204,5.499,5.919,6.323,6.713,7.096,7.47,7.817,8.16,8.532,8.927,9.331,9.74,10.15,10.56,10.971,11.382,11.793,12.204,12.615,13.025,13.436,13.846,14.256,14.667,15.077,15.487,15.897,16.308,16.718,17.128,17.538,17.949,18.359,18.769,19.179,19.59,20.0
5.0,5.079,5.245,5.537,5.946,6.331,6.733,7.098,7.472,7.818,8.161,8.534,8.93,9.334,9.742,10.151,10.562,10.972,11.383,11.794,12.204,12.615,13.025,13.436,13.846,14.256,14.667,15.077,15.487,15.898,16.308,16.718,17.128,17.539,17.949,18.359,18.769,19.179,19.59,20.0
5.0,5.103,5.25,5.6,5.997,6.337,6.776,7.156,7.488,7.857,8.253,8.658,9.067,9.481,9.897,10.316,10.735,11.154,11.573,11.989,12.402,12.813,13.22,13.624,14.025,14.424,14.824,15.223,15.622,16.02,16.419,16.817,17.216,17.614,18.012,18.41,18.807,19.205,19.603,20.0
5.0,5.104,5.342,5.72,6.012,6.354,6.794,7.156,7.489,7.861,8.257,8.661,9.071,9.484,9.9,10.318,10.737,11.156,11.573,11.989,12.402,12.813,13.22,13.624,14.025,14.424,14.824,15.223,15.622,16.02,16.419,16.817,17.216,17.614,18.012,18.41,18.807,19.205,19.603,20.0
5.0,5.219,5.461,5.729,6.027,6.357,6.799,7.168,7.545,7.93,8.322,8.721,9.125,9.532,9.943,10.356,10.77,11.185,11.598,12.009,12.418,12.824,13.225,13.626,14.028,14.429,14.829,15.228,15.627,16.025,16.423,16.821,17.218,17.616,18.013,18.41,18.808,19.205,19.603,20.0
5.0,5.22,5.462,5.736,6.038,6.36,6.814,7.183,7.557,7.938,8.328,8.725,9.127,9.534,9.944,10.357,10.771,11.185,11.598,12.009,12.418,12.824,13.226,13.626,14.028,14.429,14.829,15.228,15.627,16.025,16.423,16.821,17.218,17.616,18.013,18.41,18.808,19.205,19.603,20.0
5.0,5.221,5.469,5.748,6.044,6.387,6.815,7.235,7.623,8.018,8.416,8.815,9.215,9.616,10.018,10.419,10.82,11.222,11.623,12.024,12.424,12.825,13.228,13.631,14.032,14.431,14.83,15.229,15.627,16.025,16.423,16.821,17.218,17.616,18.013,18.41,18.808,19.205,19.603,20.0
5.0,5.222,5.472,5.758,6.06,6.425,6.829,7.24,7.627,8.021,8.418,8.817,9.217,9.618,10.019,10.42,10.821,11.222,11.623,12.024,12.425,12.825,13.228,13.631,14.032,14.431,14.83,15.229,15.627,16.025,16.423,16.821,17.218,17.616,18.013,18.41,18.808,19.205,19.603,20.0
5.0,5.224,5.48,5.779,6.103,6.44,6.832,7.276,7.761,8.164,8.565,8.966,9.368,9.769,10.17,10.554,10.938,11.325,11.713,12.102,12.492,12.883,13.275,13.668,14.061,14.455,14.849,15.244,15.639,16.034,16.43,16.826,17.222,17.618,18.015,18.411,18.808,19.205,19.603,20.0
5.0,5.225,5.484,5.789,6.115,6.452,6.86,7.344,7.769,8.168,8.567,8.968,9.369,9.77,10.171,10.555,10.939,11.326,11.713,12.103,12.493,12.884,13.276,13.668,14.061,14.455,14.849,15.244,15.639,16.034,16.43,16.826,17.222,17.618,18.015,18.411,18.808,19.205,19.603,20.0
5.0,5.228,5.517,5.808,6.129,6.478,6.869,7.354,7.788,8.293,8.675,9.043,9.415,9.791,10.171,10.573,10.977,11.384,11.794,12.209,12.627,13.047,13.447,13.839,14.23,14.62,15.008,15.396,15.782,16.168,16.554,16.938,17.322,17.706,18.089,18.472,18.854,19.236,19.618,20.0
5.0,5.229,5.518,5.825,6.154,6.487,6.893,7.381,7.912,8.313,8.678,9.045,9.417,9.793,10.173,10.574,10.978,11.384,11.795,12.209,12.627,13.047,13.447,13.84,14.23,14.62,15.008,15.396,15.783,16.168,16.554,16.938,17.322,17.706,18.089,18.472,18.854,19.236,19.618,20.0
5.0,5.241,5.52,5.842,6.172,6.507,6.945,7.386,7.917,8.317,8.708,9.085,9.466,9.851,10.239,10.631,11.026,11.425,11.828,12.236,12.649,13.06,13.48,13.91,14.343,14.779,15.161,15.535,15.908,16.281,16.653,17.025,17.397,17.769,18.141,18.513,18.885,19.256,19.628,20.0
5.0,5.242,5.525,5.843,6.173,6.52,6.947,7.435,7.957,8.336,8.71,9.087,9.467,9.852,10.24,10.632,11.027,11.426,11.829,12.237,12.65,13.06,13.48,13.91,14.343,14.779,15.162,15.535,15.908,16.281,16.653,17.026,17.398,17.769,18.141,18.513,18.885,19.256,19.628,20.0
5.0,5.243,5.54,5.853,6.178,6.566,7.008,7.603,7.962,8.339,8.728,9.112,9.5,9.892,10.286,10.681,11.078,11.474,11.871,12.267,12.663,13.068,13.491,13.918,14.349,14.783,15.217,15.656,16.097,16.539,16.982,17.426,17.87,18.316,18.762,19.209,19.656,20.103,20.551,21.0
5.0,5.244,5.541,5.878,6.213,6.594,7.016,7.607,7.969,8.349,8.731,9.114,9.502,9.893,10.287,10.682,11.078,11.475,11.872,12.268,12.663,13.069,13.492,13.919,14.35,14.784,15.217,15.656,16.097,16.539,16.982,17.426,17.87,18.316,18.762,19.209,19.656,20.103,20.551,21.0
5.0,5.245,5.546,5.898,6.357,6.875,7.247,7.608,7.973,8.353,8.795,9.294,9.724,10.121,10.518,10.915,11.312,11.709,12.104,12.496,12.885,13.271,13.653,14.033,14.411,14.787,15.22,15.658,16.099,16.54,16.983,17.426,17.871,18.316,18.762,19.209,19.656,20.103,20.551,21.0
5.0,5.246,5.549,5.916,6.379,6.884,7.256,7.612,7.973,8.455,8.936,9.329,9.726,10.122,10.519,10.916,11.313,11.71,12.104,12.496,12.885,13.271,13.654,14.033,14.411,14.787,15.221,15.659,16.099,16.54,16.983,17.427,17.871,18.316,18.762,19.209,19.656,20.103,20.551,21.0
5.0,5.256,5.553,5.939,6.4,6.894,7.256,7.614,7.978,8.46,8.938,9.331,9.791,10.257,10.662,11.065,11.469,11.872,12.276,12.681,13.086,13.493,13.902,14.311,14.722,15.134,15.548,15.962,16.378,16.795,17.212,17.631,18.05,18.47,18.89,19.311,19.733,20.155,20.577,21.0
5.0,5.257,5.562,5.963,6.437,6.902,7.262,7.618,7.984,8.505,8.992,9.443,9.851,10.258,10.662,11.066,11.469,11.872,12.276,12.681,13.087,13.493,13.902,14.311,14.722,15.134,15.548,15.962,16.378,16.795,17.212,17.631,18.05,18.47,18.89,19.311,19.733,20.155,20.577,21.0
5.0,5.258,5.565,5.975,6.448,6.903,7.264,7.62,8.154,8.544,8.998,9.445,9.852,10.286,10.78,11.228,11.602,11.978,12.358,12.742,13.131,13.525,13.924,14.326,14.732,15.141,15.552,15.965,16.38,16.796,17.213,17.631,18.05,18.47,18.89,19.311,19.733,20.155,20.577,21.0
5.0,5.259,5.57,5.981,6.452,6.907,7.273,7.624,8.157,8.547,9.032,9.526,10.056,10.488,10.857,11.232,11.605,11.981,12.361,12.745,13.133,13.527,13.925,14.327,14.733,15.142,15.553,15.966,16.381,16.796,17.213,17.632,18.05,18.47,18.89,19.311,19.733,20.155,20.577,21.0
5.0,5.26,5.581,5.984,6.463,6.911,7.377,7.766,8.207,8.621,9.036,9.531,10.061,10.493,10.862,11.273,11.765,12.256,12.747,13.237,13.727,14.217,14.706,15.195,15.684,16.172,16.661,17.149,17.637,18.125,18.613,19.101,19.588,20.076,20.563,21.051,21.538,22.026,22.513,23.0
5.0,5.263,5.592,5.994,6.464,6.918,7.378,7.768,8.213,8.625,9.037,9.563,10.088,10.584,11.109,11.632,12.153,12.673,13.192,13.711,14.228,14.745,15.262,15.778,16.293,16.808,17.323,17.838,18.352,18.866,19.38,19.894,20.408,20.921,21.435,21.948,22.461,22.974,23.487,24.0
5.0,5.263,5.595,6.007,6.47,6.926,7.383,7.793,8.252,8.892,9.387,9.754,10.121,10.588,11.112,11.635,12.156,12.675,13.194,13.712,14.23,14.746,15.263,15.778,16.294,16.809,17.324,17.838,18.353,18.867,19.381,19.894,20.408,20.921,21.435,21.948,22.461,22.974,23.487,24.0
5.0,5.264,5.602,6.02,6.517,6.972,7.399,7.803,8.254,8.893,9.395,9.76,10.126,10.611,11.132,11.652,12.17,12.688,13.205,13.722,14.238,14.753,15.268,15.783,16.298,16.812,17.327,17.841,18.355,18.868,19.382,19.895,20.409,20.922,21.435,21.948,22.461,22.974,23.487,24.0
5.0,5.281,5.612,6.026,6.536,6.974,7.436,7.971,8.488,8.999,9.5,10.032,10.556,11.082,11.61,12.138,12.669,13.2,13.732,14.265,14.799,15.333,15.868,16.403,16.938,17.474,18.011,18.547,19.084,19.621,20.158,20.696,21.233,21.771,22.309,22.847,23.385,23.923,24.462,25.0
5.0,5.281,5.613,6.039,6.539,6.982,7.44,7.975,8.496,9.014,9.501,10.034,10.558,11.084,11.611,12.139,12.669,13.2,13.732,14.265,14.799,15.333,15.868,16.403,16.938,17.474,18.011,18.547,19.084,19.621,20.158,20.696,21.233,21.771,22.309,22.847,23.385,23.923,24.462,25.0
5.0,5.389,5.791,6.18,6.549,6.983,7.46,8.057,8.639,9.03,9.566,10.2,10.844,11.379,11.869,12.364,12.865,13.37,13.879,14.392,14.908,15.427,15.948,16.471,16.996,17.522,18.051,18.58,19.111,19.642,20.175,20.708,21.243,21.778,22.313,22.85,23.387,23.924,24.462,25.0
5.0,5.39,5.793,6.19,6.563,6.99,7.524,8.07,8.641,9.032,9.567,10.2,10.844,11.381,11.87,12.365,12.865,13.371,13.88,14.392,14.908,15.427,15.948,16.471,16.996,17.522,18.051,18.58,19.111,19.642,20.175,20.708,21.243,21.778,22.313,22.85,23.387,23.924,24.462,25.0
5.0,5.392,5.797,6.19,6.563,6.994,7.527,8.078,8.651,9.235,9.84,10.416,10.897,11.491,12.136,12.78,13.424,14.066,14.708,15.348,15.988,16.626,17.264,17.9,18.536,19.171,19.805,20.438,21.071,21.703,22.335,22.966,23.596,24.226,24.856,25.485,26.114,26.743,27.372,28.0
5.0,5.393,5.8,6.198,6.572,6.999,7.53,8.1,8.665,9.235,9.84,10.419,10.9,11.491,12.136,12.78,13.424,14.066,14.708,15.348,15.988,16.626,17.264,17.9,18.536,19.171,19.805,20.438,21.071,21.703,22.335,22.966,23.596,24.226,24.856,25.485,26.114,26.743,27.372,28.0
5.0,5.394,5.803,6.204,6.576,7.003,7.535,8.103,8.68,9.282,9.889,10.46,11.074,11.694,12.316,12.94,13.565,14.191,14.817,15.443,16.07,16.697,17.325,17.952,18.58,19.207,19.835,20.463,21.091,21.719,22.347,22.975,23.603,24.231,24.859,25.487,26.115,26.744,27.372,28.0
5.0,5.395,5.808,6.212,6.586,7.004,7.549,8.114,8.689,9.287,9.891,10.462,11.075,11.694,12.317,12.94,13.565,14.191,14.817,15.443,16.07,16.697,17.325,17.952,18.58,19.207,19.835,20.463,21.091,21.719,22.347,22.975,23.603,24.231,24.859,25.487,26.115,26.744,27.372,28.0
5.0,5.404,5.826,6.214,6.596,7.009,7.557,8.14,8.691,9.289,9.895,10.5,11.113,11.73,12.348,12.969,13.59,14.212,14.836,15.46,16.084,16.709,17.335,17.961,18.587,19.214,19.84,20.467,21.094,21.722,22.349,22.977,23.604,24.232,24.86,25.488,26.116,26.744,27.372,28.0
5.0,5.405,5.831,6.214,6.605,7.088,7.601,8.172,8.699,9.295,9.899,10.502,11.115,11.731,12.349,12.969,13.59,14.213,14.836,15.46,16.084,16.71,17.335,17.961,18.587,19.214,19.84,20.467,21.094,21.722,22.349,22.977,23.604,24.232,24.86,25.488,26.116,26.744,27.372,28.0
5.0,5.412,5.832,6.233,6.624,7.089,7.604,8.174,8.758,9.376,9.954,10.506,11.12,11.736,12.354,12.974,13.594,14.216,14.839,15.463,16.087,16.712,17.337,17.963,18.589,19.215,19.841,20.468,21.095,21.722,22.349,22.977,23.604,24.232,24.86,25.488,26.116,26.744,27.372,28.0
5.0,5.412,5.839,6.239,6.653,7.152,7.747,8.294,8.77,9.377,9.958,10.508,11.121,11.737,12.354,12.974,13.595,14.217,14.839,15.463,16.087,16.712,17.337,17.963,18.589,19.215,19.841,20.468,21.095,21.722,22.349,22.977,23.604,24.232,24.86,25.488,26.116,26.744,27.372,28.0
5.0,5.413,5.843,6.247,6.677,7.153,7.759,8.294,8.773,9.397,9.996,10.61,11.23,11.851,12.473,13.096,13.72,14.344,14.968,15.592,16.216,16.841,17.465,18.089,18.712,19.335,19.958,20.58,21.201,21.822,22.442,23.062,23.681,24.3,24.918,25.535,26.152,26.768,27.384,28.0
5.0,5.415,5.845,6.259,6.679,7.18,7.771,8.358,8.966,9.497,9.997,10.611,11.23,11.851,12.473,13.096,13.72,14.344,14.968,15.592,16.216,16.841,17.465,18.089,18.712,19.335,19.958,20.58,21.201,21.822,22.442,23.062,23.681,24.3,24.918,25.535,26.152,26.768,27.384,28.0
5.0,5.42,5.862,6.372,6.926,7.503,7.918,8.402,9.033,9.502,10.04,10.683,11.321,11.953,12.581,13.206,13.828,14.448,15.067,15.684,16.302,16.918,17.535,18.151,18.767,19.383,19.999,20.614,21.23,21.845,22.461,23.077,23.692,24.307,24.923,25.538,26.154,26.769,27.385,28.0
5.0,5.422,5.867,6.379,6.932,7.509,7.919,8.404,9.037,9.576,10.187,10.798,11.41,12.022,12.635,13.248,13.861,14.474,15.088,15.702,16.316,16.93,17.544,18.159,18.774,19.388,20.003,20.618,21.233,21.848,22.463,23.078,23.693,24.308,24.923,25.539,26.154,26.769,27.385,28.0
5.0,5.422,5.871,6.39,6.947,7.515,8.092,8.593,9.069,9.716,10.361,10.995,11.619,12.236,12.849,13.461,14.071,14.681,15.289,15.898,16.506,17.113,17.72,18.327,18.934,19.54,20.146,20.752,21.357,21.963,22.568,23.172,23.777,24.381,24.984,25.588,26.191,26.794,27.397,28.0
5.0,5.424,5.881,6.396,6.95,7.522,8.104,8.602,9.073,9.716,10.362,10.995,11.619,12.236,12.85,13.461,14.071,14.681,15.289,15.898,16.506,17.113,17.72,18.327,18.934,19.54,20.146,20.752,21.357,21.963,22.568,23.172,23.777,24.381,24.984,25.588,26.191,26.794,27.397,28.0
5.0,5.424,5.881,6.402,6.961,7.522,8.109,8.68,9.283,9.901,10.525,11.128,11.732,12.335,12.938,13.54,14.143,14.746,15.348,15.951,16.553,17.156,17.758,18.36,18.963,19.565,20.168,20.77,21.372,21.975,22.577,23.18,23.782,24.385,24.987,25.59,26.192,26.795,27.397,28.0
5.0,5.425,5.889,6.41,6.963,7.537,8.11,8.713,9.32,9.922,10.525,11.129,11.732,12.335,12.938,13.54,14.143,14.746,15.348,15.951,16.553,17.156,17.758,18.36,18.963,19.565,20.168,20.77,21.372,21.975,22.577,23.18,23.782,24.385,24.987,25.59,26.192,26.795,27.397,28.0
5.0,5.433,5.904,6.434,7.012,7.554,8.118,8.715,9.32,9.922,10.536,11.172,11.771,12.37,12.969,13.568,14.167,14.767,15.367,15.967,16.567,17.168,17.768,18.369,18.97,19.571,20.173,20.774,21.376,21.978,22.58,23.181,23.784,24.386,24.988,25.59,26.193,26.795,27.397,28.0
5.0,5.434,5.907,6.435,7.018,7.559,8.148,8.725,9.335,9.962,10.574,11.174,11.772,12.371,12.969,13.568,14.168,14.767,15.367,15.967,16.567,17.168,17.768,18.369,18.97,19.571,20.173,20.774,21.376,21.978,22.58,23.181,23.784,24.386,24.988,25.59,26.193,26.795,27.397,28.0
5.0,5.436,5.921,6.45,7.018,7.593,8.156,8.729,9.335,9.964,10.576,11.18,11.779,12.377,12.975,13.574,14.172,14.771,15.371,15.97,16.57,17.17,17.77,18.371,18.972,19.573,20.174,20.775,21.377,21.978,22.58,23.182,23.784,24.386,24.988,25.59,26.193,26.795,27.397,28.0
5.0,5.44,5.932,6.468,7.024,7.594,8.17,8.765,9.373,9.975,10.581,11.181,11.78,12.378,12.976,13.574,14.173,14.772,15.371,15.97,16.57,17.17,17.77,18.371,18.972,19.573,20.174,20.775,21.377,21.978,22.58,23.182,23.784,24.386,24.988,25.59,26.193,26.795,27.397,28.0
5.0,5.456,5.956,6.487,7.046,7.616,8.178,8.771,9.378,9.978,10.586,11.19,11.853,12.531,13.219,13.873,14.501,15.126,15.75,16.372,16.995,17.618,18.242,18.866,19.491,20.117,20.745,21.373,22.003,22.633,23.265,23.899,24.533,25.168,25.805,26.442,27.08,27.719,28.359,29.0
5.0,5.456,5.966,6.516,7.077,7.624,8.187,8.78,9.38,9.984,10.611,11.271,11.936,12.594,13.239,13.873,14.501,15.126,15.75,16.372,16.995,17.618,18.242,18.866,19.491,20.117,20.745,21.373,22.003,22.633,23.265,23.899,24.533,25.168,25.805,26.442,27.08,27.719,28.359,29.0
5.0,5.595,6.167,6.679,7.127,7.638,8.189,8.784,9.391,9.99,10.612,11.271,11.936,12.594,13.24,13.915,14.616,15.322,16.03,16.74,17.452,18.165,18.878,19.592,20.307,21.021,21.736,22.45,23.164,23.878,24.592,25.305,26.018,26.731,27.444,28.156,28.867,29.578,30.289,31.0
5.0,5.597,6.182,6.701,7.137,7.64,8.2,8.79,9.404,10.048,10.712,11.388,12.073,12.764,13.457,14.156,14.86,15.568,16.278,16.988,17.698,18.408,19.117,19.825,20.532,21.237,21.941,22.643,23.345,24.045,24.744,25.442,26.14,26.836,27.532,28.227,28.921,29.614,30.307,31.0
5.0,5.633,6.23,6.72,7.147,7.64,8.206,8.799,9.408,10.051,10.713,11.388,12.073,12.764,13.458,14.156,14.861,15.568,16.278,16.988,17.699,18.408,19.117,19.825,20.532,21.237,21.941,22.643,23.345,24.045,24.744,25.442,26.14,26.836,27.532,28.227,28.921,29.614,30.307,31.0
5.0,5.634,6.238,6.723,7.15,7.67,8.217,8.802,9.425,10.077,10.75,11.439,12.126,12.792,13.478,14.177,14.882,15.589,16.297,17.006,17.715,18.423,19.131,19.837,20.542,21.246,21.949,22.65,23.35,24.05,24.748,25.445,26.142,26.838,27.533,28.227,28.921,29.615,30.307,31.0
6.0,6.141,6.37,6.726,7.168,7.674,8.257,8.887,9.541,10.203,10.84,11.479,12.126,12.792,13.478,14.178,14.882,15.589,16.297,17.006,17.715,18.423,19.131,19.837,20.542,21.246,21.949,22.65,23.351,24.05,24.748,25.445,26.142,26.838,27.533,28.227,28.921,29.615,30.307,31.0
6.0,6.15,6.395,6.745,7.226,7.707,8.294,8.934,9.571,10.205,10.84,11.479,12.14,12.848,13.563,14.283,15.007,15.734,16.435,17.13,17.825,18.52,19.215,19.909,20.604,21.298,21.992,22.686,23.379,24.072,24.766,25.459,26.152,26.845,27.538,28.23,28.923,29.615,30.308,31.0
6.0,6.156,6.396,6.779,7.269,7.736,8.302,8.937,9.573,10.216,10.894,11.58,12.269,12.962,13.655,14.35,15.045,15.74,16.464,17.196,17.929,18.664,19.4,20.137,20.824,21.508,22.191,22.873,23.554,24.234,24.914,25.592,26.27,26.947,27.624,28.3,28.976,29.651,30.326,31.0
6.0,6.161,6.42,6.793,7.281,7.836,8.44,9.08,9.745,10.425,11.113,11.806,12.502,13.201,13.902,14.606,15.311,16.018,16.716,17.4,18.085,18.77,19.455,20.14,20.875,21.614,22.353,23.093,23.834,24.574,25.316,26.057,26.799,27.542,28.284,29.027,29.77,30.513,31.256,32.0
6.0,6.168,6.423,6.803,7.293,7.843,8.444,9.083,9.747,10.427,11.114,11.807,12.503,13.202,13.903,14.606,15.311,16.019,16.728,17.439,18.153,18.869,19.586,20.306,21.028,21.752,22.477,23.204,23.933,24.662,25.393,26.125,26.857,27.59,28.324,29.058,29.793,30.528,31.264,32.0
6.0,6.184,6.449,6.82,7.299,7.899,8.562,9.253,9.95,10.637,11.307,11.973,12.642,13.315,13.991,14.669,15.35,16.033,16.728,17.439,18.153,18.869,19.586,20.306,21.028,21.752,22.477,23.204,23.933,24.662,25.393,26.125,26.857,27.59,28.324,29.058,29.793,30.528,31.264,32.0
6.0,6.3,6.677,7.136,7.655,8.211,8.801,9.417,10.053,10.695,11.348,12.011,12.681,13.358,14.04,14.727,15.418,16.113,16.811,17.512,18.217,18.924,19.635,20.348,21.064,21.782,22.502,23.225,23.95,24.676,25.404,26.133,26.863,27.595,28.327,29.06,29.794,30.529,31.264,32.0
6.0,6.301,6.684,7.147,7.666,8.23,8.819,9.427,10.054,10.695,11.348,12.011,12.682,13.359,14.041,14.727,15.418,16.113,16.811,17.512,18.217,18.924,19.635,20.348,21.064,21.782,22.502,23.225,23.95,24.676,25.404,26.133,26.863,27.595,28.327,29.06,29.794,30.529,31.264,32.0
6.0,6.311,6.693,7.151,7.669,8.232,8.819,9.429,10.06,10.732,11.43,12.11,12.796,13.487,14.183,14.882,15.584,16.288,16.995,17.702,18.411,19.122,19.833,20.545,21.258,21.971,22.685,23.4,24.115,24.83,25.546,26.262,26.979,27.695,28.412,29.13,29.847,30.564,31.282,32.0
6.0,6.311,6.7,7.154,7.679,8.242,8.837,9.459,10.102,10.76,11.431,12.11,12.796,13.488,14.183,14.883,15.585,16.289,16.995,17.703,18.412,19.122,19.834,20.546,21.258,21.972,22.686,23.4,24.115,24.831,25.546,26.262,26.979,27.695,28.412,29.13,29.847,30.564,31.282,32.0
6.0,6.313,6.7,7.165,7.682,8.243,8.844,9.466,10.107,10.763,11.433,12.116,12.801,13.492,14.187,14.885,15.587,16.29,16.996,17.704,18.412,19.122,19.834,20.546,21.258,21.972,22.686,23.4,24.115,24.831,25.546,26.262,26.979,27.695,28.412,29.13,29.847,30.564,31.282,32.0
6.0,6.316,6.709,7.167,7.686,8.252,8.851,9.474,10.114,10.77,11.441,12.118,12.803,13.493,14.187,14.885,15.587,16.29,16.996,17.704,18.412,19.122,19.834,20.546,21.258,21.972,22.686,23.4,24.115,24.831,25.546,26.262,26.979,27.696,28.412,29.13,29.847,30.564,31.282,32.0
6.0,6.318,6.71,7.168,7.691,8.255,8.853,9.476,10.117,10.773,11.441,12.12,12.804,13.493,14.188,14.886,15.588,16.291,16.997,17.705,18.413,19.123,19.834,20.546,21.259,21.972,22.686,23.401,24.116,24.831,25.547,26.263,26.979,27.696,28.412,29.13,29.847,30.564,31.282,32.0
6.0,6.32,6.71,7.172,7.7,8.267,8.86,9.48,10.122,10.777,11.444,12.12,12.804,13.494,14.188,14.887,15.588,16.292,16.997,17.705,18.414,19.124,19.835,20.546,21.259,21.972,22.686,23.401,24.116,24.831,25.547,26.263,26.979,27.696,28.412,29.13,29.847,30.564,31.282,32.0
6.0,6.32,6.715,7.182,7.706,8.271,8.863,9.481,10.122,10.778,11.446,12.154,12.875,13.597,14.319,15.038,15.755,16.467,17.176,17.88,18.581,19.281,19.978,20.676,21.373,22.072,22.772,23.473,24.175,24.879,25.585,26.292,27.001,27.712,28.423,29.136,29.851,30.566,31.283,32.0
6.0,6.321,6.729,7.212,7.738,8.327,8.959,9.614,10.285,10.967,11.658,12.355,13.056,13.762,14.469,15.179,15.889,16.598,17.307,18.015,18.72,19.424,20.126,20.826,21.526,22.224,22.922,23.62,24.317,25.015,25.712,26.41,27.108,27.806,28.504,29.203,29.902,30.601,31.3,32.0
6.0,6.322,6.747,7.213,7.748,8.335,8.963,9.617,10.287,10.968,11.658,12.355,13.056,13.762,14.469,15.179,15.889,16.598,17.307,18.015,18.72,19.424,20.126,20.826,21.526,22.224,22.922,23.62,24.317,25.015,25.712,26.41,27.108,27.806,28.504,29.203,29.902,30.601,31.3,32.0
6.0,6.326,6.749,7.225,7.771,8.37,9.006,9.668,10.346,11.036,11.736,12.441,13.152,13.867,14.586,15.307,16.031,16.757,17.46,18.143,18.826,19.511,20.197,20.885,21.573,22.263,22.953,23.645,24.337,25.03,25.724,26.419,27.115,27.811,28.507,29.205,29.903,30.601,31.3,32.0
6.0,6.34,6.752,7.347,8.073,8.823,9.47,10.114,10.764,11.419,12.079,12.742,13.409,14.079,14.751,15.425,16.102,16.78,17.461,18.143,18.826,19.511,20.197,20.885,21.573,22.263,22.953,23.645,24.337,25.03,25.724,26.419,27.115,27.811,28.507,29.205,29.903,30.601,31.3,32.0
6.0,6.342,6.775,7.371,8.087,8.841,9.484,10.126,10.774,11.427,12.084,12.746,13.411,14.079,14.751,15.425,16.102,16.78,17.486,18.21,18.894,19.58,20.266,20.954,21.641,22.329,23.018,23.707,24.397,25.087,25.777,26.467,27.158,27.849,28.541,29.232,29.924,30.616,31.308,32.0
6.0,6.347,6.809,7.413,8.128,8.843,9.489,10.134,10.783,11.436,12.093,12.754,13.421,14.093,14.771,15.455,16.146,16.843,17.526,18.216,18.948,19.681,20.415,21.15,21.886,22.623,23.361,24.1,24.839,25.579,26.319,27.06,27.802,28.543,29.285,30.028,30.77,31.513,32.257,33.0
6.0,6.357,6.834,7.448,8.148,8.849,9.497,10.142,10.795,11.453,12.116,12.783,13.454,14.128,14.804,15.482,16.162,16.844,17.55,18.262,18.98,19.703,20.43,21.16,21.893,22.628,23.364,24.102,24.84,25.58,26.32,27.06,27.802,28.543,29.285,30.028,30.77,31.513,32.257,33.0
6.0,6.493,7.039,7.619,8.224,8.857,9.516,10.162,10.812,11.471,12.136,12.806,13.482,14.162,14.846,15.534,16.227,16.924,17.625,18.332,19.043,19.759,20.479,21.202,21.929,22.658,23.389,24.122,24.857,25.593,26.33,27.068,27.807,28.547,29.288,30.029,30.771,31.514,32.257,33.0
6.0,6.499,7.05,7.631,8.235,8.896,9.533,10.172,10.818,11.473,12.137,12.807,13.482,14.162,14.846,15.534,16.227,16.924,17.625,18.332,19.043,19.759,20.479,21.202,21.929,22.658,23.389,24.122,24.857,25.593,26.33,27.068,27.807,28.547,29.288,30.029,30.771,31.514,32.257,33.0
6.0,6.5,7.051,7.635,8.242,8.906,9.74,10.599,11.457,12.317,13.182,14.051,14.924,15.8,16.68,17.561,18.445,19.331,20.218,21.107,21.996,22.887,23.778,24.671,25.563,26.457,27.351,28.245,29.14,30.035,30.93,31.826,32.722,33.618,34.515,35.411,36.308,37.205,38.103,39.0
6.0,6.504,7.067,7.662,8.27,8.92,9.755,10.62,11.48,12.335,13.194,14.06,14.931,15.805,16.684,17.565,18.448,19.333,20.22,21.108,21.997,22.888,23.779,24.671,25.564,26.457,27.351,28.245,29.14,30.035,30.93,31.826,32.722,33.618,34.515,35.411,36.308,37.205,38.103,39.0
6.0,6.519,7.104,7.735,8.35,9.022,9.813,10.662,11.542,12.437,13.34,14.247,15.156,16.069,16.982,17.897,18.813,19.731,20.648,21.567,22.486,23.406,24.326,25.246,26.167,27.088,28.009,28.93,29.852,30.774,31.696,32.618,33.541,34.463,35.386,36.308,37.231,38.154,39.077,40.0
6.0,6.536,7.127,7.748,8.402,9.094,9.863,10.684,11.547,12.439,13.34,14.247,15.157,16.069,16.982,17.897,18.814,19.731,20.648,21.567,22.486,23.406,24.326,25.246,26.167,27.088,28.009,28.93,29.852,30.774,31.696,32.618,33.541,34.463,35.386,36.308,37.231,38.154,39.077,40.0
7.0,7.226,7.588,8.114,8.793,9.581,10.434,11.334,12.267,13.224,14.199,15.186,16.184,17.188,18.199,19.214,20.232,21.254,22.278,23.304,24.332,25.361,26.391,27.423,28.455,29.488,30.522,31.557,32.592,33.627,34.663,35.699,36.736,37.773,38.81,39.848,40.885,41.923,42.962,44.0
7.0,7.228,7.597,8.129,8.805,9.585,10.435,11.335,12.267,13.224,14.199,15.186,16.184,17.188,18.199,19.214,20.232,21.254,22.278,23.304,24.332,25.361,26.391,27.423,28.455,29.488,30.522,31.557,32.592,33.627,34.663,35.699,36.736,37.773,38.81,39.848,40.885,41.923,42.962,44.0
7.0,7.241,7.615,8.144,8.821,9.619,10.504,11.44,12.405,13.389,14.384,15.386,16.394,17.406,18.42,19.437,20.454,21.474,22.494,23.515,24.536,25.558,26.581,27.604,28.627,29.651,30.675,31.699,32.723,33.748,34.773,35.797,36.822,37.848,38.873,39.898,40.923,41.949,42.974,44.0
7.0,7.241,7.623,8.171,8.865,9.666,10.542,11.468,12.426,13.404,14.395,15.395,16.401,17.412,18.425,19.44,20.458,21.476,22.496,23.517,24.538,25.56,26.582,27.605,28.628,29.652,30.676,31.7,32.724,33.748,34.773,35.798,36.823,37.848,38.873,39.898,40.923,41.949,42.974,44.0
7.0,7.403,7.93,8.588,9.356,10.199,11.09,12.013,12.956,13.914,14.882,15.859,16.841,17.828,18.819,19.813,20.81,21.808,22.809,23.811,24.815,25.819,26.825,27.831,28.838,29.846,30.855,31.864,32.873,33.883,34.894,35.904,36.915,37.927,38.938,39.95,40.962,41.975,42.987,44.0
7.0,7.404,7.938,8.598,9.36,10.2,11.091,12.013,12.956,13.914,14.882,15.859,16.841,17.828,18.819,19.813,20.81,21.808,22.809,23.811,24.815,25.819,26.825,27.831,28.838,29.846,30.855,31.864,32.873,33.883,34.894,35.904,36.915,37.927,38.938,39.95,40.962,41.975,42.987,44.0
7.0,7.416,7.956,8.66,9.527,10.497,11.522,12.578,13.654,14.745,15.847,16.957,18.074,19.197,20.324,21.455,22.588,23.725,24.864,26.005,27.147,28.291,29.436,30.582,31.729,32.877,34.025,35.175,36.325,37.475,38.626,39.777,40.929,42.081,43.234,44.386,45.539,46.693,47.846,49.0
7.0,7.418,7.98,8.71,9.579,10.538,11.55,12.597,13.667,14.753,15.852,16.961,18.077,19.198,20.325,21.455,22.589,23.725,24.864,26.005,27.147,28.291,29.436,30.582,31.729,32.877,34.025,35.175,36.325,37.475,38.626,39.777,40.929,42.081,43.234,44.386,45.539,46.693,47.846,49.0
8.0,8.317,8.829,9.565,10.491,11.548,12.691,13.887,15.119,16.375,17.648,18.933,20.226,21.527,22.832,24.142,25.456,26.772,28.091,29.411,30.733,32.057,33.382,34.708,36.035,37.362,38.691,40.02,41.349,42.679,44.01,45.341,46.672,48.004,49.336,50.668,52.001,53.334,54.667,56.0
